Domain,Location on Site,Primary Domain,Spend,Revenue,Followers,Employees,Company Name,Vertical,BuiltWith Rank,Tranco Rank,Majestic Rank,Page Rank,Telephones,Emails,Twitter,Facebook,Linkedin,Google,Pinterest,Github,Instagram,Vk,Vimeo,Youtube,Tiktok,Threads,X,Weibo,Tieba,Xiaohongshu,Douyin,Ticker,People,City,State,Postcode,Country,First Detected,Last Detected,First Indexed,Last Indexed,Exclusion,Compliance
paimentupa.fi,shop.paimentupa.fi,paimentupa.fi,"$1,736",$,"1,120","",Paimentupa,Travel,"","","","12,800,325",+358400802709,info@paimentupa.fi,"",facebook.com/paimentupa,"","","","",instagram.com/paimentupa,"","","","","","","","","","","","",Koli,12,83960,FI,2023-08-13,2025-09-28,2006-12-04,2026-03-15,"",GDPR FI
debeganphotography.com,debeganphotography.com,debeganphotography.com,$0,"$102,749","","","",Unknown,"","","","","","","","","","","","",instagram.com/debeganphotography,"","","","","","","","","","","","","","","",UN,2022-06-29,2026-02-20,2020-09-17,2026-02-20,"",""
egov-assist.com,egov-assist.com,egov-assist.com,$897,$,"","","",Technology And Computing,"","","","",+1-800-680-7289;+1-844-565-3473,support@egov-assist.com,"","","","","","","","","","","","","","","","","","","",Baltimore,MD,21202,US,2021-06-25,2026-02-20,2020-12-15,2026-02-20,"",""
katiegracie.com,katiegracie.com,katiegracie.com,$897,$,"","","",Technology And Computing,"","","","","","","","","","","","","","","","","","","","","","","","","","","","",UN,2021-07-31,2026-02-20,2020-12-03,2026-02-20,"",""
samovesti.com,samovesti.com,samovesti.com,$897,$,"","","","","","","","20,922,528","","","","","","","","","","","","","","","","","","","","","","","","","",2023-11-04,2026-02-20,2023-09-14,2026-02-20,"",""
formulamillenium.org,formulamillenium.org,formulamillenium.org,$897,$,"","","","","","","","","","","","","","","","","","","","","","","","","","","","","","","","","",2025-09-02,2026-02-20,2025-06-06,2026-06-05,"",""
sofia-restaurant-camberwell.com.au,sofia-restaurant-camberwell.com.au,sofia-restaurant-camberwell.com.au,$0,$,"","","",Unknown,"","","","","","","","","","","","","","","","","","","","","","","","","",Melbourne,VIC,3124,AU,2025-04-27,2025-11-18,2025-02-18,2026-02-20,"",""
bmwofcatonsville.com,bmwofcatonsville.com,bmwofcatonsville.com,"$13,594",$,"",25,Bmw Of Catonsville,Automotive And Vehicles,"","","","11,135,934",+1-410-744-2000;+1-844-239-3058;+1-855-415-9532;+1-844-239-3059;+1-844-324-1856;+1-443-341-0725;+1-855-624-0380,"","",facebook.com/bmwofcatonsville,"","","","","","","","","","","","","","","","","",Catonsville,MD,21228,US,2023-11-03,2026-03-21,2014-02-13,2026-03-21,"",""
sarahkvphotography.ca,sarahkvphotography.ca,sarahkvphotography.ca,"$4,397",$,"","","","","","","","","","","","","","","","","","","","","","","","","","","","","","","","","",2025-02-18,2026-03-15,2025-02-18,2026-03-15,"",""
miniofstevenscreek.com,miniofstevenscreek.com,miniofstevenscreek.com,"$15,217",$,"",23,Mini Of Stevens Creek,Automotive And Vehicles,"","","","5,356,725",+1-650-513-0482;+1-408-641-4608;+1-833-770-1149,"","",facebook.com/miniofstevenscreek,"","","","","","","","","","","","","","","","",PII - Sales; PII - President; PII - Manager; PII - C-Suite,Santa Clara,CA,95051,US,2023-10-30,2026-03-20,2009-09-26,2026-09-26,"",California CCPA
3dream.online,3dream.online,3dream.online,$0,$,"","","","","","","","74,821,978","","","","","","","","","","","","","","","","","","","","","","","","","",2026-01-06,2026-01-06,2024-05-14,2026-11-10,"",""
verahogenson.com,verahogenson.com,verahogenson.com,"$4,505","$102,749","1,989","",Vera Hogenson Photography Blog,Art And Entertainment,"","","","33,669,117",+1-850-691-6729,"",twitter.com/VeraHogenson,facebook.com/verahogensonphotographer,"","",pinterest.com/verahogenson,"",instagram.com/verahogensonphotography,"","","","","","","","","","","","",Destin,FL,32541,US,2019-07-15,2026-03-15,2012-01-07,2026-03-15,"",""
meuwebcnpj.site,meuwebcnpj.site,meuwebcnpj.site,$0,$,"","","","","","","","","","","","","","","","","","","","","","","","","","","","","","","","","",2025-01-22,2025-12-04,2024-12-25,2026-02-20,"",""
not-just-teeshirts.com,not-just-teeshirts.com,not-just-teeshirts.com,$0,$,"","","","","","","","48,463,901","","","","","","","","","","","","","","","","","","","","","","","","","",2025-04-19,2025-11-18,2019-08-02,2026-02-20,"",""
insurancequotesfor-indiana.com,insurancequotesfor-indiana.com,insurancequotesfor-indiana.com,"$1,396",$,"","","","","","","","","","","","","","","","","","","","","","","","","","","","","","","","","",2026-02-20,2026-02-20,2025-10-13,2026-02-20,"",""
watermark.auto,watermark.auto,watermark.auto,"$13,879",$,107,"","",Automotive And Vehicles,"","","","2,909,141",+1-618-294-8787;+1-270-821-4100;+1-618-969-8325;+1-618-969-8320;+1-877-298-4595;+1-866-941-0620;+1-800-549-3637;+1-877-862-2173;+1-618-993-2161,"",twitter.com/watermarkautogr,facebook.com/watermarkautogroup,"","","","","","","","","","","","","","","","",Jerrod Grant - President; Andrew Hancock - Manager; Sarah Hogan - Manager; Carri Carey - Manager; Crystal Oxendine - Manager; Mike Absher - C-Suite; David Griffin - C-Suite; Pablo Gonzalez - C-Suite,Marion,IL,62959,US,2023-10-31,2026-03-19,2016-05-09,2026-03-19,"",""
the-lavender-goat.com.au,the-lavender-goat.com.au,the-lavender-goat.com.au,$0,$,"","","","","","","","","","","","","","","","","","","","","","","","","","","","","","","","","",2025-04-30,2025-11-18,2025-02-18,2026-02-20,"",""
slivingstonphotos.com,slivingstonphotos.com,slivingstonphotos.com,"$4,505","$102,749","","","",Shopping,"","","","33,386,538",+1-305-898-0276,scott@slivingstonphotos.com,"","","","","","","","","","","","","","","","","","",Victoria Pribble - Designer,New York,NY,10001,US,2019-07-15,2026-03-15,2009-02-06,2026-03-15,"",""
inovvati.com,inovvati.com,inovvati.com,$897,$,"","","","","","","","84,725,260","","","","","","","","","","","","","","","","","","","","","","","","","",2024-05-14,2026-02-20,2024-05-14,2026-02-20,"",""
lindseywiles.com,lindseywiles.com,lindseywiles.com,"$4,505","$102,749","","",Zenfolio Lindsey Wiles,Sports,"","","","","","","","","","","","","","","","","","","","","","","","",Lindsey Wiles - Technical,"","","",UN,2017-10-05,2026-03-15,2017-04-10,2026-03-15,"",""
viewtucsonhomesforsale.com,viewtucsonhomesforsale.com,viewtucsonhomesforsale.com,"$10,604",$,"","",Commissions Inc,Technology And Computing,"","","","57,792,001",+1-520-314-9820;+1-855-259-7277;+1-855-246-2717,"","",facebook.com/tucsonhomeforsale,"","","","","","","","","","","","","","","","","",Tucson,AZ,85701,US,2017-01-04,2026-03-15,2015-06-04,2026-06-04,"",""
pielespanola.es,pielespanola.es,pielespanola.es,$897,"$5,988","","",Piel EspaAola,Unknown,"","","","","","","","","","","","","","","","","","","","","","","","","",CÓRDOBA,"",14003,ES,2024-09-12,2026-02-20,2024-07-30,2026-02-20,"",GDPR ES
kenzodouchet.online,kenzodouchet.online,kenzodouchet.online,$0,$,"","","","","","","","","","","","","","","","","","","","","","","","","","","","","","","","","",2025-04-10,2026-01-06,2025-03-11,2026-03-10,"",""
insureskyway.com,insureskyway.com,insureskyway.com,"$1,234",$,"","","",Finance,"","","","84,737,637",+1-206-772-3388,"","","","","","","","","","","","","","","","","","","","",Seattle,WA,98178,US,2023-04-03,2026-02-20,2022-03-31,2026-03-31,"",""
eratix.space,eratix.space,eratix.space,$0,$,"","","",Technology And Computing,"","","","","","","","","","","","","","","","","","","","","","","","","","","","",UN,2021-07-31,2026-02-20,2021-03-13,2026-02-20,"",""
allmysons.fish,allmysons.fish,allmysons.fish,$0,$,"","","",Technology And Computing,"","","","","","","","","","","","","","","","","","","","","","","","","","","","",UN,2025-03-26,2026-02-20,2017-12-04,2026-02-20,"",""
hyundaidrive.com,static.hyundaidrive.com;static.hyundaidrive.com/*,hyundaidrive.com,$0,$,"","",Hyundai Motor America,Automotive And Vehicles,"257,113","265,933","","431,978","","",twitter.com/hyundai,facebook.com/hyundai,"","",pinterest.com/hyundaiusa,"",instagram.com/hyundaiusa,"","","","","","","","","","","","",Fountain Valley,CA,"",US,2025-08-06,2025-12-10,2001-05-15,2026-03-14,"",California CCPA
phone-info.com,phone-info.com,phone-info.com,$0,$,"","",Phone-Info.com,Technology And Computing,"","","","54,298,638","",comments@phone-info.com,"","","","","","","","","","","","","","","","","","","","","","",UN,2022-06-10,2026-02-20,2015-06-20,2026-02-20,"",""
toto84.online,toto84.online,toto84.online,$0,$,"","","","","","","","91,036,477","","","","","","","","","","","","","","","","","","","","","","","","","",2024-10-16,2026-02-20,2024-07-26,2026-02-20,"",""
marcosolobria.com,marcosolobria.com,marcosolobria.com,$0,$,"","",Marco Solobria,Finance,"","","","38,011,405","",info@marcosolobria.com,twitter.com/marco_solobria,facebook.com/solobria,"","","","",instagram.com/marcosolobria,"","","","","","","","","","","","",El Puerto De Santa Maria,AN,11500,ES,2021-09-27,2026-02-20,2015-12-21,2026-02-20,"",GDPR ES
norwegianweatherprotection.com,norwegianweatherprotection.com,norwegianweatherprotection.com,$897,$,"","","","","","","","","","","","","","","","","","","","","","","","","","","","","","","","","",2025-10-13,2026-02-20,2025-08-08,2026-08-07,"",""
janainabenicio.com,janainabenicio.com,janainabenicio.com,$897,$,"","","",Technology And Computing,"","","","","","","","","","","","","","","","","","","","","","","","","","","","",UN,2019-04-12,2026-02-20,2019-03-02,2026-02-20,"",""
shopbocau.com,shopbocau.com,shopbocau.com,$897,$,"","","","","","","","","","","","","","","","","","","","","","","","","","","","","","","","","",2025-04-26,2026-02-20,2024-05-14,2026-02-20,"",""
bionanopeptidi.site,bionanopeptidi.site,bionanopeptidi.site,$897,$,"","","",Technology And Computing,"","","","","","","","","","","","","","","","","","","","","","","","","","","","",UN,2022-02-23,2026-02-20,2022-02-07,2026-02-20,"",""
nymbrace.site,nymbrace.site,nymbrace.site,$897,$,"","","","","","","","","","","","","","","","","","","","","","","","","","","","","","","","","",2025-12-30,2026-02-20,2025-12-01,2026-11-30,"",""
brilliancesubaru.com,brilliancesubaru.com,brilliancesubaru.com,$0,$,96,"","",Automotive And Vehicles,"","","","10,278,292",+1-224-281-4300;+1-847-366-1295;+1-312-718-1681;+1-847-443-5501,bdaniel@brilliancesubaru.com;jdaluga@brilliancesubaru.com;mburden@brilliancesubaru.com;jgunther@brilliancesubaru.com;jkeefe@brilliancesubaru.com;pseal@brilliancesubaru.com;jring@brilliancesubaru.com;rdencs@brilliancesubaru.com;dpagnotta@brilliancesubaru.com;etroike@brilliancesubaru.com;jturner@brilliancesubaru.com;jszostek@brilliancesubaru.com;rnievesjr@brilliancesubaru.com;pliang@brilliancesubaru.com;lkilhefner@brilliancesubaru.com;dthomas@brilliancesubaru.com;amennella@brilliancesubaru.com;kelly.keefe@brilliancesubaru.com;ksprague@brilliancesubaru.com;snava@brilliancesubaru.com;rpatel@brilliancesubaru.com;eobispo@brilliancesubaru.com;jgiardino@brilliancesubaru.com,twitter.com/Brilliance_Sub,"","","","","","","","",youtube.com/user/brilliancesubaru,"","","","","","","","",Mike Burden - Sales; Joe Gunther - Sales; Dan Pagnotta - Sales; Jay Turner - Sales; Joe Szostek - Sales; Keith Johnson - Sales; Phil Liang - Sales; Richard Winchester - Sales; Chris Romero - Sales; Rick Nieves - Sales; Angelo Gamboa - Sales; Tyler Burmeister - Sales; Nick Isaacson - Sales; Chad Cassell - Sales; Fernando Romero - Sales; Justin Gesswein - Sales; Lauri Cavin - Sales; Scott Hembrough - Sales; Stephanie Nava - Sales; Ethan Obispo - Sales; Jack Giardino - Sales; Preston Seal - Manager; Jason Ring - Manager; Don Cornwell - Manager; Dan Cornwell - Manager; Jeremy Cybulski - Manager; Katie Sprague - Manager; Lee Folmar - Manager; Jim Deluga - Director; James Keefe - Director; Kelly Keefe - Director; Maureen Kane - Director,Elgin,IL,60123,US,2023-11-04,2026-02-20,2011-02-07,2026-03-09,"",""
peauxpierres.fr,peauxpierres.fr,peauxpierres.fr,$897,$,"","","",Unknown,"","","","","","","",facebook.com/peauxpierres,"","","","",instagram.com/mailisdouet.peauxpierres,"","","","","","","","","","","","","","","",UN,2025-08-26,2026-02-20,2024-06-18,2026-02-20,"",""
rioazulmexicanrestaurant.com,rioazulmexicanrestaurant.com,rioazulmexicanrestaurant.com,$897,$,"","","",Technology And Computing,"","","","","","","","","","","","","","","","","","","","","","","","","","","","",UN,2021-07-31,2026-02-20,2021-07-31,2026-02-20,"",""
winterkids.org,winterkids.org,winterkids.org,"$4,500","$1,000,000","2,140",5,WinterKids,Education,"","","970,658","675,443",+1-207-871-5700;+1-855-832-3399,info@winterkids.org;jmulkern@winterkids.org;mdoyle@winterkids.org;rwilber@winterkids.org;jgreen@winterkids.org,twitter.com/WinterKids,facebook.com/winterkids,linkedin.com/company/winterkidsmaine,"",pinterest.com/winterkidsed,"",instagram.com/winterkidsmaine,"","","","","",x.com/winterkids,"","","","","",Many Ways - Support; Parker Swenson - President; Chad Creelman - President; Seth Coburn - President; Joe Lajoie - President; Jeff Zachau - President; Marion Doyle - Marketing; Kristel Hayes - Marketing; Jillian Rich - Marketing; Theresa Tringale - Manager; Josh Harrington - Manager; Tom Long - Manager; Justin Brewer - Manager; Julie Mulkern - Director; Dirk Gouwens - Director; Molly Beeley - Director; Duane Morris - Director; Courtney Holub - Director; Ryan Larsen - C-Suite; Peter Lowell - Account,"",ME,04092,US,2024-05-16,2026-02-10,2009-10-07,2026-03-15,"",""
pastramiandsteak.com,pastramiandsteak.com,pastramiandsteak.com,"$3,860",$,"","","","","","","","","","","","","","","","","","","","","","","","","","","","","","","","","",2025-10-13,2026-01-07,2025-10-13,2026-01-07,"",""
sakelarischryslerdodgejeepram.com,sakelarischryslerdodgejeepram.com,sakelarischryslerdodgejeepram.com,"$8,767",$,"","","",Automotive And Vehicles,"","","","14,142,122",+1-866-979-8745;+1-866-708-1929;+1-573-346-5551;+1-575-346-5551,"","","","","","","","","","","","","","","","","","","","",Camdenton,MO,65020,US,2015-06-30,2026-03-15,2012-11-15,2026-11-15,"",""
caribou-shop.com,caribou-shop.com,caribou-shop.com,$897,$,"","","","","","","","","","","","","","","","","","","","","","","","","","","","","","","","","",2025-12-18,2026-02-20,2025-11-27,2026-11-26,"",""
unrulycreative.design,unrulycreative.design,unrulycreative.design,$897,$,"","","",Technology And Computing,"","","","","","","","","","","","","","","","","","","","","","","","","","","","",UN,2019-11-10,2026-02-20,2019-08-25,2026-02-20,"",""
calmetcreations.sumupstore.com,calmetcreations.sumupstore.com,sumupstore.com,$897,$,"","","","","","","","","","","","","","","","","","","","","","","","","","","","","","","","","",2025-08-02,2026-03-15,2025-08-02,2026-03-15,"",""
campfirepodcastnetwork.com,campfirepodcastnetwork.com,campfirepodcastnetwork.com,$0,$,"2,745","",Just another WordPress site,Art And Entertainment,"","","","59,677,013","",contact@campfirepodcastnetwork.com,twitter.com/campfiretotsau,facebook.com/campfire.tales.podcast,"","","","",instagram.com/campfire.tales.podcast,"","","",tiktok.com/@campfire.podcast,"","","","","","","","","","","",UN,2026-01-07,2026-01-07,2021-07-20,2026-01-30,"",""
camerawithaconscience.com,camerawithaconscience.com,camerawithaconscience.com,"$4,505","$102,749","","",Camera With A Conscience,Technology And Computing,"","","","82,691,969",+1-860-796-6244;+1-860-712-1111,"","","","","","","","","","","","","","","","","","","",Deb Key - Technical,Avon,CT,06001,US,2019-09-03,2026-03-15,2016-11-15,2026-03-15,"",""
technologytraining.com,webmail.technologytraining.com,technologytraining.com,$897,$,"","",Technology Training Corporation,Technology And Computing,"","","","42,891,879",+1-310-320-8101,"","",facebook.com/technologytrainingcorporation,"","","","","","","","","","","","","","","","","",Torrance,CA,90501,US,2020-05-15,2026-03-14,2004-12-04,2026-03-20,"",California CCPA
87.you2.pl,87.you2.pl,you2.pl,"$2,462",$,"","","","","","","","","","","","","","","","","","","","","","","","","","","","","","","","","",2025-09-13,2026-02-20,2024-10-23,2026-03-15,"",""
sphagnousyst.com,sphagnousyst.com,sphagnousyst.com,"$3,054",$,"","","","","","","","","","","","","","","","","","","","","","","","","","","","","","","","","",2025-11-20,2026-03-15,2025-11-06,2026-11-05,"",""
mimir.es,mimir.es,mimir.es,"$1,054",$,"","","",Society,"","","","","","","","","","","","","","","","","","","","","","","","","",Pozuelo De Alarcon,MD,28224,ES,2018-08-03,2026-02-20,2017-02-28,2026-02-20,"",GDPR ES
riggerslife.com,riggerslife.com,riggerslife.com,$0,"$29,133",9,"","",Unknown,"","","","","","","",facebook.com/riggerslife,"","","","",instagram.com/riggerslife,"","","","","","","","","","","","","","","",UN,2026-02-20,2026-02-20,2024-11-18,2026-02-20,"",""
jijumathewphotography.com,jijumathewphotography.com,jijumathewphotography.com,"$4,505","$102,749","1,486","",Jiju Mathew Photography About,Style And Fashion,"","","","52,032,757",+12158179848;+12154000843;+12159017629;+1-215-400-0843,"","","","","","","",instagram.com/jijumathewphotography,"","","","","","","","","","","","",Philadelphia,PA,19115,US,2019-07-15,2026-02-20,2018-01-08,2026-02-20,"",""
myislandvw.com,myislandvw.com,myislandvw.com,"$11,017",$,"","",Volkswagen of America Inc,Automotive And Vehicles,"","","","26,630,226",+1-877-357-9663;+1-855-456-4692;+1-877-810-5513;+1-855-602-0808;+1-718-513-7500,webleads@myislandvw.com,twitter.com/islandvw,facebook.com/islandvw,"","","","",instagram.com/islandvolkswagen,"","","","","","","","","","","",Sun Remote - Sales,Staten Island,NY,10305,US,2024-09-09,2026-03-15,2015-06-29,2026-06-29,"",""
lenlyall.com,lenlyall.com,lenlyall.com,"$22,337",$,"",34,"",Automotive And Vehicles,"","","","19,489,627",+1-303-344-3100;+1-720-434-8860;+1-800-284-2271;+1-800-706-2814,"",twitter.com/lenlyallchevy,facebook.com/lenlyallchevrolet,"","",pinterest.com/lenlyall,"",instagram.com/lenlyallchevy,"","",youtube.com/user/lenlyallchevrolet,"","","","","","","","",Tom Marsh - Sales; Dion Pappas - Sales; Raul Villarreal - Sales; Len Lyall - Sales; Rich Giorgi - Sales; Zachary Vaught - Sales; Jorge Murillo - Sales; Jose Calderon - Sales; Rodney Paxton - Sales; Tom Cole - Sales; Nick Tindall - Manager; Adam Lyall - Manager; Harris Fleet - Manager; Chris Henderson - Manager; Brandon Pryor - Manager; Brian Kindsvater - Manager; Robert Aguirre - Manager; Hunter Johnson - Manager; Jon Hall - Manager; Dan Johnson - Director; Jerry Pryor - Director,Aurora,CO,80011,US,2015-08-15,2026-02-10,2004-03-25,2029-03-25,"",""
childcareharrogate.com,childcareharrogate.com,childcareharrogate.com,$0,$,"","","","","","","","","","","","","","","","","","","","","","","","","","","","","","","","","",2018-05-26,2026-02-20,2018-05-07,2026-02-20,"",""
screenprosolutions.com,screenprosolutions.com,screenprosolutions.com,$0,$,"","","","","","","","","","","","","","","","","","","","","","","","","","","","","","","","","",2026-02-20,2026-02-20,2024-05-14,2027-01-27,"",""
bootupcapital.com,bootupcapital.com,bootupcapital.com,$0,$,"","","","","","","","104,707,890","","","","","","","","","","","","","","","","","","","","","","","","","",2026-01-07,2026-02-20,2024-09-24,2026-02-20,"",""
porterstudiosaz.com,porterstudiosaz.com,porterstudiosaz.com,$0,$,"","","",Technology And Computing,"","","","","","","","","","","","","","","","","","","","","","","","","",San Tan Valley,AZ,85143,US,2023-08-14,2025-11-18,2022-12-20,2026-02-20,"",""
sacredfuneralhome.com,sacredfuneralhome.com,sacredfuneralhome.com,"$2,914",$,60,"",Sacred Funeral Home Inc,Technology And Computing,"","","","23,788,601",+1-214-376-7273;+1-214-376-7272;+1-617-849-5459;+1-800-952-5210;+1-201-701-6799;+1-866-303-1880;+1-844-859-0845,"",twitter.com/sacredfuneral,facebook.com/sacredfuneral,"","","","",instagram.com/sacredfuneral,"","","","","","","","","","","",Chandra Gerald-Jennings - C-Suite,Cedar Hill,TX,75104,US,2023-04-25,2026-03-15,2013-04-21,2026-03-15,"",""
zaphkielcreations.fr,zaphkielcreations.fr,zaphkielcreations.fr,$897,$,"","","","","","","","","","","","","","","","","","","","","","","","","","","","","","","","","",2025-12-15,2026-02-20,2025-12-15,2026-02-20,"",""
suewex.de,suewex.de,suewex.de,"$6,597",$,"","",Deutsche Bahn AG,Unknown,"","","","3,471,054",+49-180-699663320,"","","","","","","","","","","","","","","","","","","","",Bonn,"",53175,DE,2021-06-11,2026-03-13,2016-03-20,2026-03-13,"",GDPR DE
tuscanydelray.com,tuscanydelray.com,tuscanydelray.com,$0,$,616,"",FCI Residential Corporation,Home And Garden,"","","","16,454,965",+1-561-484-5610,"","",facebook.com/tuscanydelrayapartments,"","","","",instagram.com/tuscanydelrayapartments,"","","","","","","","","","","","",Delray Beach,FL,33446,US,2025-08-19,2026-03-13,2019-08-25,2026-03-13,"",""
annagumbau.com,annagumbau.com,annagumbau.com,$0,$,"","","","","","","","","","","","","","","","","","","","","","","","","","","","","","","","","",2025-03-27,2025-12-04,2021-07-20,2026-02-20,"",""
preciouscarehomehealthcare.com,preciouscarehomehealthcare.com,preciouscarehomehealthcare.com,$897,$,"","","",Technology And Computing,"","","","","","","","","","","","","","","","","","","","","","","","","","","","",UN,2016-06-29,2026-02-20,2016-06-29,2026-02-20,"",""
insurancekirksvillemo.com,insurancekirksvillemo.com,insurancekirksvillemo.com,"$4,334",$,"","","",Finance,"","","","",+1-660-947-2811;+1-913-814-6927;+1-877-734-2265,"","","","","","","","","","","","","","","","","","","","",Kirksville,MO,63501,US,2020-08-18,2026-03-15,2020-08-07,2026-03-15,"",""
spanglesinc.com,spanglesinc.com,spanglesinc.com,"$3,852",$,664,109,Spangles Inc,Education,"","","","9,495,544",+1-316-685-8817,"",twitter.com/Spangles_Inc,facebook.com/spanglesinc,"","","","","","","",youtube.com/user/spanglesinc,"","","","","","","","",Rene Steven - Manager,Wichita,KS,67214,US,2023-07-06,2026-03-15,2004-06-07,2026-03-15,"",""
rotoql.com,rotoql.com,rotoql.com,"$8,245","$11,828","7,156",21,Rotoql Inc,Technology And Computing,"","","","687,305",+1-800-444-4444,support@rotoql.com,twitter.com/rotoqlapp,facebook.com/rotoqlapp,linkedin.com/company/rotoql,"","","","","","","","","","","","","","","","",New York City,NY,10018,US,2015-11-10,2026-02-24,2015-08-06,2028-08-06,"",""
tatechryslerfrederick.com,tatechryslerfrederick.com,tatechryslerfrederick.com,"$12,267",$,"","","",Automotive And Vehicles,"","","","44,882,972",+1-301-228-0801;+1-866-762-4130,"","","","","","","","","","","","","","","","","","","","",Frederick,MD,21704,US,2015-06-30,2026-03-15,2008-08-26,2026-08-26,"",""
painrelief.com.sg,painrelief.com.sg,painrelief.com.sg,"$2,658",$,"","",The Pain Relief Clinic,Health And Fitness,"","","","7,454,097","","","",facebook.com/thepainreliefclinicsingapore,"","","","","","","","","","","","","","","","","",Singapore,Singapore,238868,SG,2014-09-24,2026-03-15,2007-06-14,2026-03-15,"",""
herbchambersbmwmedford.com,herbchambersbmwmedford.com,herbchambersbmwmedford.com,"$11,747",$,"","","",Automotive And Vehicles,"","","","10,251,058",+1-617-731-8700,"","","","","","","","","","","","","","","","","","","","",Medford,MA,02155,US,2023-11-01,2026-03-16,2020-12-18,2029-12-18,"",""
castleweddingvenues.com,castleweddingvenues.com,castleweddingvenues.com,$0,$,"","","","","","","","","","","","","","","","","","","","","","","","","","","","","","","","","",2025-10-13,2025-10-13,2025-10-13,2026-02-20,"",""
portcitywoman.com,portcitywoman.com,portcitywoman.com,"$1,137",$,"","","",Hobbies And Interests,"","","","","","","","","","","","",instagram.com/portcitywoman,"","","","","","","","","","","","","","","",UN,2023-08-15,2026-02-20,2023-07-17,2026-02-20,"",""
propertymanagerwhitinsvillema.com,propertymanagerwhitinsvillema.com,propertymanagerwhitinsvillema.com,$897,$,"","","",Unknown,"","","","95,298,375","","","","","","","","","","","","","","","","","","","","","",Whitinsville,MA,01588,US,2018-10-02,2026-02-20,2018-10-02,2026-02-20,"",""
getinsurance-quotes.com,getinsurance-quotes.com,getinsurance-quotes.com,"$1,234",$,"","","","","","","","","","","","","","","","","","","","","","","","","","","","","","","","","",2025-04-01,2026-02-20,2025-01-18,2026-02-20,"",""
showmeinsurancequotes.com,showmeinsurancequotes.com,showmeinsurancequotes.com,"$1,234",$,"","","","","","","","","","","","","","","","","","","","","","","","","","","","","","","","","",2025-10-13,2026-02-20,2025-10-13,2026-02-20,"",""
bb-glasgumaxshop.sumupstore.com,bb-glasgumaxshop.sumupstore.com,sumupstore.com,$897,$,"","","","","","","","","","","","","","","","","","","","","","","","","","","","","","","","","",2025-07-30,2026-03-21,2025-07-30,2026-03-21,"",""
leeuwardenmarkt.nl,leeuwardenmarkt.nl,leeuwardenmarkt.nl,"$3,580",$,"","",Neem contact met ons op,Technology And Computing,"","","","55,226,625","","","","","","","","","","","","","","","","","","","","","","","","",UN,2024-10-21,2026-02-20,2015-10-08,2026-03-15,"",""
your-platform.co.uk,your-platform.co.uk,your-platform.co.uk,"$2,597",$,"","",YOUR Platform,Finance,"","","","31,519,323",+44-34-50942255,questions@your-platform.co.uk,"","","","","","","","","","","","","","","","","","",PII - Support; PII - Manager; PII - Director,London,ENG,EC1V,GB,2024-05-14,2025-10-04,2019-10-02,2026-03-15,"",GDPR GB
fswit.co.uk,fswit.co.uk,fswit.co.uk,"$14,387","$20,815","","",FSW IT Solutions Ltd,Society,"","","","20,609,219","","","","","","","","","","","","","","","","","","","","","","",Greater London,SW9,GB,2025-08-26,2025-10-17,2010-08-22,2029-08-22,"",GDPR GB
quotemyflinsurance.com,quotemyflinsurance.com,quotemyflinsurance.com,"$1,234",$,"","","",Finance,"","","","",+1-305-682-1442;+1-309-766-0380,"","","","","","","","","","","","","","","","","","","","",Miami,FL,33179,US,2023-05-16,2026-02-20,2023-04-24,2026-02-20,"",""
wachs96.com,wachs96.com,wachs96.com,$0,$,"","","","","","","","","","","","","","","","","","","","","","","","","","","","","","","","","",2026-02-20,2026-02-20,2024-11-04,2027-01-27,"",""
locapal.store,locapal.store,locapal.store,$897,$,"","","",Technology And Computing,"","","","","","","","","","","","","","","","","","","","","","","","","","","","",UN,2020-09-17,2026-02-20,2020-09-17,2026-02-20,"",""
caoojene.com,caoojene.com,caoojene.com,$0,$,"","","","","","","","","","","","","","","","","","","","","","","","","","","","","","","","","",2025-10-13,2025-10-13,2024-10-15,2026-02-20,"",""
cortlandchryslerdodgejeep.com,cortlandchryslerdodgejeep.com,cortlandchryslerdodgejeep.com,"$15,194",$,"","","",Automotive And Vehicles,"","","","19,703,497",+1-877-279-3113;+1-877-361-2164;+1-607-218-7520,"","",facebook.com/cortland.chrysler,"","","","","","","","","","","","","","","","","",Cortland,NY,13045,US,2015-02-16,2026-03-15,2008-08-26,2026-08-26,"",""
cosmicdivinelife.store,cosmicdivinelife.store,cosmicdivinelife.store,$897,$,"","","","","","","","","","","","","","","","","","","","","","","","","","","","","","","","","",2025-04-01,2026-02-20,2025-02-14,2026-02-20,"",""
tonationstudios.com,tonationstudios.com,tonationstudios.com,$0,"$102,749","","",Tonation Studios,Unknown,"","","","87,807,559",+1-310-484-1212,"","","","","","","","","","","","","","","","","","","","","","","",UN,2019-07-15,2025-10-04,2017-12-25,2026-02-20,"",California CCPA
commercialhostwebmail.com,commercialhostwebmail.com,commercialhostwebmail.com,$897,$,"","","","","","","","","","","","","","","","","","","","","","","","","","","","","","","","","",2026-01-07,2026-02-20,2025-12-02,2026-12-01,"",""
memorialalternatives.com,memorialalternatives.com,memorialalternatives.com,"$2,044",$,"","",Memorial Alternatives,Health And Fitness,"","","","15,812,070",+1-616-363-3740;+1-617-849-5459;+1-800-952-5210;+1-201-701-6799;+1-866-303-1880;+1-844-859-0845,mark@memorialalternatives.com;info@memorialalternatives.com;justin@memorialalternatives.com,"","","","","","","","","","","","","","","","","","","",Grand Rapids,MI,49505,US,2023-03-08,2026-03-15,2000-02-28,2026-03-15,"",""
alltreeconsultants.com,alltreeconsultants.com,alltreeconsultants.com,$897,$,"","","",Technology And Computing,"","","","","","","","","","","","","","","","","","","","","","","","","","","","",UN,2020-09-17,2026-02-20,2020-06-05,2026-02-20,"",""
server24.eu,server24.eu,server24.eu,"$3,117","$71,526","3,139","",Server24 EU VAT No,Technology And Computing,"591,279","580,755","","508,651","",info@server24.eu;support@server24.eu;privacy@server24.eu,twitter.com/server24,facebook.com/server24,"","","","","","","","","","","","","","","","","",Amsterdam,07,1000,NL,2025-05-07,2026-03-14,2006-07-09,2026-03-19,"",GDPR NL
soliskenkelljs.com,soliskenkelljs.com,soliskenkelljs.com,"$3,744",$,"","","","","","","","","","","","","","","","","","","","","","","","","","","","","","","","","",2023-08-15,2026-03-15,2023-08-15,2026-03-15,"",""
iwatadreams.com,iwatadreams.com,iwatadreams.com,$897,$,"","","","","","","","","","","","","","","","","","","","","","","","","","","","","","","","","",2025-04-08,2026-02-20,2025-03-05,2026-03-04,"",""
anavalverde.com,anavalverde.com,anavalverde.com,$897,$,"","","","","","","","","","","","","","","","","","","","","","","","","","","","","","","","","",2025-10-13,2026-02-20,2024-09-28,2026-09-27,"",""
usdonutsandcroissants.com,usdonutsandcroissants.com,usdonutsandcroissants.com,$0,$,"","","","","","","","","","","","","","","","","","","","","","","","","","","","","","","","","",2026-02-20,2026-02-20,2026-01-14,2027-01-13,"",""
lenosout.shop,lenosout.shop,lenosout.shop,$897,$,"","","","","","","","","","","","","","","","","","","","","","","","","","","","","","","","","",2025-11-18,2026-02-20,2025-10-21,2026-02-20,"",""
stagedomaintest.org,stagedomaintest.org,stagedomaintest.org,$897,$,"","","","","","","","","","","","","","","","","","","","","","","","","","","","","","","","","",2024-05-14,2026-02-20,2024-05-14,2026-02-20,"",""
lamiaclinica.online,lamiaclinica.online,lamiaclinica.online,$0,$,"","",La Mia Clinica,Unknown,"","","","78,263,761","",info@lamiaclinica.online,"","","","","","","","","","","","","","","","","","","","","","",UN,2025-08-26,2026-01-07,2023-06-23,2026-06-01,"",""
jollylegs.com,jollylegs.com,jollylegs.com,$0,$,"","","","","","","","","","","","","","","","","","","","","","","","","","","","","","","","","",2026-01-07,2026-01-07,2026-01-07,2026-02-20,"",""
jenbuildsmerch.com,jenbuildsmerch.com,jenbuildsmerch.com,"$7,272",$,"","","","","","","","","","","","","","","","","","","","","","","","","","","","","","","","","",2025-11-18,2026-02-20,2025-05-15,2026-05-14,"",""
themasterphone.com,themasterphone.com,themasterphone.com,$897,$,"","","","","","","","","","","","","","","","","","","","","","","","","","","","","","","","","",2025-10-13,2026-02-20,2025-10-13,2026-02-20,"",""



"Compliance Notice: PII is removed for EU/CCPA. Visit https://builtwith.com/compliance for options and more information. Do Not Contact entries are self removed from BuiltWith. Please see https://builtwith.com/terms - you cannot use this list to bulk send emails. AU Customers cannot access harvested emails by law."
